Workbook

Sheet Raw data
A1: ID | B1: Date | C1: Job Title | D1: Job Location | E1: Hired | F1: Easy Apply | G1: Month
A2: 11578773 | B2: 44927.001 | C2: BUSINESS DATA ANALYST | D2: New York, NY | E2: TRUE | F2: FALSE | G2: =text(B2,"mmmm") -> January
A3: 11613549 | B3: 44927.001 | C3: CLINICAL DATA ANALYST | D3: New York, NY | E3: FALSE | F3: FALSE | G3: =text(B3,"mmmm") -> January
A4: 11680840 | B4: 44927.001 | C4: DATA QUALITY ANALYST | D4: New York, NY | E4: FALSE | F4: FALSE | G4: =text(B4,"mmmm") -> January
A5: 11809979 | B5: 44927.001 | C5: DATA QUALITY ANALYST | D5: New York, NY | E5: FALSE | F5: TRUE | G5: =text(B5,"mmmm") -> January
A6: 11836481 | B6: 44927.001 | C6: QA DATA ANALYST | D6: New York, NY | E6: FALSE | F6: FALSE | G6: =text(B6,"mmmm") -> January
A7: 11847320 | B7: 44927.001 | C7: TECHNICAL DATA ANALYST | D7: New York, NY | E7: FALSE | F7: FALSE | G7: =text(B7,"mmmm") -> January
A8: 11903153 | B8: 44927.001 | C8: DATA GOVERNANCE ANALYST | D8: New York, NY | E8: FALSE | F8: FALSE | G8: =text(B8,"mmmm") -> January
A9: 11933063 | B9: 44927.001 | C9: ECOMMERCE DATA ANALYST | D9: New York, NY | E9: FALSE | F9: FALSE | G9: =text(B9,"mmmm") -> January
A10: 11709833 | B10: 44927.007 | C10: QA DATA ANALYST | D10: New York, NY | E10: FALSE | F10: FALSE | G10: =text(B10,"mmmm") -> January
A11: 11611869 | B11: 44927.014 | C11: DATA ENGINEER ANALYST | D11: New York, NY | E11: TRUE | F11: FALSE | G11: =text(B11,"mmmm") -> January
A12: 11790275 | B12: 44927.014 | C12: QA DATA ANALYST | D12: New York, NY | E12: FALSE | F12: FALSE | G12: =text(B12,"mmmm") -> January
A13: 11849664 | B13: 44927.021 | C13: BUSINESS DATA ANALYST | D13: Fairfield, NJ | E13: FALSE | F13: FALSE | G13: =text(B13,"mmmm") -> January
... A32597: 11814839 | B32597: 45291.979 | C32597: PRODUCT DATA ANALYST | D32597: Chandler, AZ | E32597: FALSE | F32597: FALSE | G32597: =text(B32597,"mmmm") -> December

Sheet Summary data
A1: Month | B1: Total number of applications
A2: January | B2: =COUNTIF('Raw data'!G:G,A2) -> 2387
A3: February | B3: =COUNTIF('Raw data'!G:G,A3) -> 2312
A4: March | B4: =COUNTIF('Raw data'!G:G,A4) -> 2536
A5: April | B5: =COUNTIF('Raw data'!G:G,A5) -> 2544
A6: May | B6: =COUNTIF('Raw data'!G:G,A6) -> 2954
A7: June | B7: =COUNTIF('Raw data'!G:G,A7) -> 2990
A8: July | B8: =COUNTIF('Raw data'!G:G,A8) -> 3138
A9: August | B9: =COUNTIF('Raw data'!G:G,A9) -> 2969
A10: September | B10: =COUNTIF('Raw data'!G:G,A10) -> 2865
A11: October | B11: =COUNTIF('Raw data'!G:G,A11) -> 2751
A12: November | B12: =COUNTIF('Raw data'!G:G,A12) -> 2508
A13: December | B13: =COUNTIF('Raw data'!G:G,A13) -> 2642
A14: Total | B14: =SUM(B2:B13) -> 32596
A16: Min | B16: =MIN(B2:B13) -> 2312
A17: Max | B17: =MAX(B2:B13) -> 3138
A18: Avg | B18: =AVERAGE(B2:B13) -> 2716.3333
